ETS 토익 정기시험 기출문제집 1000 Vol. 4 Reading (리딩),https://www.aladin.co.kr/shop/wproduct.aspx?ItemId=330109498,"<span class=""ss_p2""><em>17,820원</em></span>","<span class=""star_score"">10.0</span>"
프로젝트 헤일메리 (영화 특별판),https://www.aladin.co.kr/shop/wproduct.aspx?ItemId=385526244,"<span class=""ss_p2""><em>19,800원</em></span>","<span class=""star_score"">9.4</span>"
괴테는 모든 것을 말했다,https://www.aladin.co.kr/shop/wproduct.aspx?ItemId=376765918,"<span class=""ss_p2""><em>15,300원</em></span>","<span class=""star_score"">8.0</span>"
인생을 위한 최소한의 생각,https://www.aladin.co.kr/shop/wproduct.aspx?ItemId=385481121,"<span class=""ss_p2""><em>17,820원</em></span>","<span class=""star_score"">9.9</span>"
완벽한 원시인,https://www.aladin.co.kr/shop/wproduct.aspx?ItemId=386947012,"<span class=""ss_p2""><em>19,800원</em></span>","<span class=""star_score"">9.6</span>"
엄마와 딸들의 미친년의 역사,https://www.aladin.co.kr/shop/wproduct.aspx?ItemId=388054879,"<span class=""ss_p2""><em>16,020원</em></span>","<span class=""star_score"">10.0</span>"
부처님 말씀대로 살아보니,https://www.aladin.co.kr/shop/wproduct.aspx?ItemId=385370551,"<span class=""ss_p2""><em>17,010원</em></span>","<span class=""star_score"">9.8</span>"
죽은 왕녀를 위한 파반느 (양장 특별판),https://www.aladin.co.kr/shop/wproduct.aspx?ItemId=377942402,"<span class=""ss_p2""><em>18,000원</em></span>","<span class=""star_score"">8.7</span>"
스파이 패밀리 16,https://www.aladin.co.kr/shop/wproduct.aspx?ItemId=388016420,"<span class=""ss_p2""><em>5,400원</em></span>","<span class=""star_score"">10.0</span>"
모순,https://www.aladin.co.kr/shop/wproduct.aspx?ItemId=25843736,"<span class=""ss_p2""><em>11,700원</em></span>","<span class=""star_score"">9.1</span>"
싯다르타,https://www.aladin.co.kr/shop/wproduct.aspx?ItemId=329596,"<span class=""ss_p2""><em>7,200원</em></span>","<span class=""star_score"">9.0</span>"
소설 보다 : 봄 2026,https://www.aladin.co.kr/shop/wproduct.aspx?ItemId=387712899,"<span class=""ss_p2""><em>4,950원</em></span>","<span class=""star_score"">8.7</span>"
코스피 1만 넥스트 레벨,https://www.aladin.co.kr/shop/wproduct.aspx?ItemId=385807557,"<span class=""ss_p2""><em>19,800원</em></span>","<span class=""star_score"">9.8</span>"
내 가게에 부모님을 고용했습니다,https://www.aladin.co.kr/shop/wproduct.aspx?ItemId=386616340,"<span class=""ss_p2""><em>17,100원</em></span>","<span class=""star_score"">10.0</span>"
안녕이라 그랬어,https://www.aladin.co.kr/shop/wproduct.aspx?ItemId=365665217,"<span class=""ss_p2""><em>15,120원</em></span>","<span class=""star_score"">9.6</span>"
박곰희 연금 부자 수업,https://www.aladin.co.kr/shop/wproduct.aspx?ItemId=366615290,"<span class=""ss_p2""><em>18,900원</em></span>","<span class=""star_score"">9.3</span>"
자몽살구클럽,https://www.aladin.co.kr/shop/wproduct.aspx?ItemId=368083714,"<span class=""ss_p2""><em>10,800원</em></span>","<span class=""star_score"">7.3</span>"
혼모노,https://www.aladin.co.kr/shop/wproduct.aspx?ItemId=361016676,"<span class=""ss_p2""><em>16,200원</em></span>","<span class=""star_score"">8.4</span>"
인생 마지막에 쓰는 주식투자 교과서,https://www.aladin.co.kr/shop/wproduct.aspx?ItemId=387524345,"<span class=""ss_p2""><em>22,500원</em></span>","<span class=""star_score"">8.4</span>"
ETS 토익 정기시험 기출문제집 1000 Vol. 5 Reading (리딩),https://www.aladin.co.kr/shop/wproduct.aspx?ItemId=380347281,"<span class=""ss_p2""><em>19,800원</em></span>","<span class=""star_score"">10.0</span>"
무례한 세상에서 나를 지키는 법,https://www.aladin.co.kr/shop/wproduct.aspx?ItemId=388169547,"<span class=""ss_p2""><em>17,820원</em></span>","<span class=""star_score"">10.0</span>"
"2026 큰별쌤 최태성의 별★별한국사 한국사능력검정시험 심화(1, 2, 3급) 상",https://www.aladin.co.kr/shop/wproduct.aspx?ItemId=378969369,"<span class=""ss_p2""><em>17,100원</em></span>",
3월의 벽력 1,https://www.aladin.co.kr/shop/wproduct.aspx?ItemId=388137331,"<span class=""ss_p2""><em>5,400원</em></span>","<span class=""star_score"">10.0</span>"
ETS 토익 정기시험 기출문제집 1000 Vol. 5 Listening (리스닝),https://www.aladin.co.kr/shop/wproduct.aspx?ItemId=380347074,"<span class=""ss_p2""><em>19,800원</em></span>","<span class=""star_score"">10.0</span>"
김재우의 기본 동사 100,https://www.aladin.co.kr/shop/wproduct.aspx?ItemId=379688982,"<span class=""ss_p2""><em>19,800원</em></span>","<span class=""star_score"">8.9</span>"
예루살렘의 아이히만 (알라딘 리커버 특별판),https://www.aladin.co.kr/shop/wproduct.aspx?ItemId=388034046,"<span class=""ss_p2""><em>27,000원</em></span>","<span class=""star_score"">8.2</span>"
박태웅의 AI 강의 2026,https://www.aladin.co.kr/shop/wproduct.aspx?ItemId=388083105,"<span class=""ss_p2""><em>20,700원</em></span>","<span class=""star_score"">8.4</span>"
캔들차트 하나로 끝내는 추세추종 투자,https://www.aladin.co.kr/shop/wproduct.aspx?ItemId=383430724,"<span class=""ss_p2""><em>22,500원</em></span>","<span class=""star_score"">8.5</span>"
살면서 한번은 벽돌책,https://www.aladin.co.kr/shop/wproduct.aspx?ItemId=387582381,"<span class=""ss_p2""><em>17,550원</em></span>","<span class=""star_score"">7.8</span>"
정답은 있다,https://www.aladin.co.kr/shop/wproduct.aspx?ItemId=386454735,"<span class=""ss_p2""><em>16,200원</em></span>","<span class=""star_score"">9.6</span>"
돈의 방정식,https://www.aladin.co.kr/shop/wproduct.aspx?ItemId=383256009,"<span class=""ss_p2""><em>25,200원</em></span>","<span class=""star_score"">9.0</span>"
최소한의 삼국지,https://www.aladin.co.kr/shop/wproduct.aspx?ItemId=377732124,"<span class=""ss_p2""><em>17,550원</em></span>","<span class=""star_score"">9.8</span>"
햄릿 (먼슬리 클래식),https://www.aladin.co.kr/shop/wproduct.aspx?ItemId=387932122,"<span class=""ss_p2""><em>9,900원</em></span>","<span class=""star_score"">8.9</span>"
일본 광고 카피 도감,https://www.aladin.co.kr/shop/wproduct.aspx?ItemId=383843383,"<span class=""ss_p2""><em>16,920원</em></span>","<span class=""star_score"">9.6</span>"
나의 완벽한 장례식,https://www.aladin.co.kr/shop/wproduct.aspx?ItemId=383575374,"<span class=""ss_p2""><em>17,100원</em></span>","<span class=""star_score"">9.6</span>"
세종의 나라 1 (양장),https://www.aladin.co.kr/shop/wproduct.aspx?ItemId=386006778,"<span class=""ss_p2""><em>19,800원</em></span>","<span class=""star_score"">9.2</span>"
"2026 큰별쌤 최태성의 별★별한국사 한국사능력검정시험 심화(1, 2, 3급) 하",https://www.aladin.co.kr/shop/wproduct.aspx?ItemId=378969617,"<span class=""ss_p2""><em>16,650원</em></span>",
슈퍼 뒤에서 담배 피우는 두 사람 7 (특별판),https://www.aladin.co.kr/shop/wproduct.aspx?ItemId=388083631,"<span class=""ss_p2""><em>18,000원</em></span>","<span class=""star_score"">10.0</span>"
"소유하기, 소유되기",https://www.aladin.co.kr/shop/wproduct.aspx?ItemId=386946432,"<span class=""ss_p2""><em>19,800원</em></span>","<span class=""star_score"">9.5</span>"
해커스 토익 기출 VOCA (보카),https://www.aladin.co.kr/shop/wproduct.aspx?ItemId=176021392,"<span class=""ss_p2""><em>11,610원</em></span>","<span class=""star_score"">9.2</span>"
진보를 위한 주식투자,https://www.aladin.co.kr/shop/wproduct.aspx?ItemId=379685661,"<span class=""ss_p2""><em>19,800원</em></span>","<span class=""star_score"">7.4</span>"
쥬디 할머니,https://www.aladin.co.kr/shop/wproduct.aspx?ItemId=383333321,"<span class=""ss_p2""><em>16,650원</em></span>","<span class=""star_score"">10.0</span>"
엄마가 유령이 되었어!,https://www.aladin.co.kr/shop/wproduct.aspx?ItemId=83509745,"<span class=""ss_p2""><em>10,800원</em></span>","<span class=""star_score"">9.2</span>"
세종의 나라 2 (양장),https://www.aladin.co.kr/shop/wproduct.aspx?ItemId=386006888,"<span class=""ss_p2""><em>19,800원</em></span>","<span class=""star_score"">6.0</span>"
생각의 도약,https://www.aladin.co.kr/shop/wproduct.aspx?ItemId=356276093,"<span class=""ss_p2""><em>16,200원</em></span>","<span class=""star_score"">9.1</span>"
카구라바치 9 (더블특전판),https://www.aladin.co.kr/shop/wproduct.aspx?ItemId=388349614,"<span class=""ss_p2""><em>5,850원</em></span>",
자본주의 시대에서 살아남기 위한 최소한의 경제 공부,https://www.aladin.co.kr/shop/wproduct.aspx?ItemId=379077056,"<span class=""ss_p2""><em>25,200원</em></span>","<span class=""star_score"">9.4</span>"
다있소 과학 1,https://www.aladin.co.kr/shop/wproduct.aspx?ItemId=387305167,"<span class=""ss_p2""><em>13,050원</em></span>","<span class=""star_score"">9.9</span>"
일하면서 바로 써먹는 아웃풋×성과 도감,https://www.aladin.co.kr/shop/wproduct.aspx?ItemId=385417366,"<span class=""ss_p2""><em>15,750원</em></span>","<span class=""star_score"">9.8</span>"
수영장에 토성이 떨어졌다고?,https://www.aladin.co.kr/shop/wproduct.aspx?ItemId=386565484,"<span class=""ss_p2""><em>15,120원</em></span>","<span class=""star_score"">9.8</span>"
시간관리국,https://www.aladin.co.kr/shop/wproduct.aspx?ItemId=387271734,"<span class=""ss_p2""><em>17,820원</em></span>","<span class=""star_score"">10.0</span>"
코스모스,https://www.aladin.co.kr/shop/wproduct.aspx?ItemId=870950,"<span class=""ss_p2""><em>19,800원</em></span>","<span class=""star_score"">9.4</span>"
마법천자문 70,https://www.aladin.co.kr/shop/wproduct.aspx?ItemId=388352134,"<span class=""ss_p2""><em>14,310원</em></span>",
우리가 사랑한 도시,https://www.aladin.co.kr/shop/wproduct.aspx?ItemId=388084734,"<span class=""ss_p2""><em>15,750원</em></span>","<span class=""star_score"">9.0</span>"
월간순정 노자키 군 17,https://www.aladin.co.kr/shop/wproduct.aspx?ItemId=387708305,"<span class=""ss_p2""><em>5,400원</em></span>","<span class=""star_score"">10.0</span>"
마션,https://www.aladin.co.kr/shop/wproduct.aspx?ItemId=270454339,"<span class=""ss_p2""><em>17,820원</em></span>","<span class=""star_score"">9.7</span>"
소년이 온다,https://www.aladin.co.kr/shop/wproduct.aspx?ItemId=40869703,"<span class=""ss_p2""><em>13,500원</em></span>","<span class=""star_score"">9.6</span>"
급류,https://www.aladin.co.kr/shop/wproduct.aspx?ItemId=307692409,"<span class=""ss_p2""><em>12,600원</em></span>","<span class=""star_score"">6.6</span>"
만화의 원리,https://www.aladin.co.kr/shop/wproduct.aspx?ItemId=385946226,"<span class=""ss_p2""><em>21,600원</em></span>","<span class=""star_score"">9.0</span>"
위버멘쉬,https://www.aladin.co.kr/shop/wproduct.aspx?ItemId=359025448,"<span class=""ss_p2""><em>16,020원</em></span>","<span class=""star_score"">9.0</span>"
내 이름은 빨강 1,https://www.aladin.co.kr/shop/wproduct.aspx?ItemId=214241659,"<span class=""ss_p2""><em>11,700원</em></span>","<span class=""star_score"">9.8</span>"
마리아 지뷜라 메리안,https://www.aladin.co.kr/shop/wproduct.aspx?ItemId=385783066,"<span class=""ss_p2""><em>24,300원</em></span>","<span class=""star_score"">10.0</span>"
긴긴밤,https://www.aladin.co.kr/shop/wproduct.aspx?ItemId=263027170,"<span class=""ss_p2""><em>11,250원</em></span>","<span class=""star_score"">9.6</span>"
어린 임금의 눈물,https://www.aladin.co.kr/shop/wproduct.aspx?ItemId=474193,"<span class=""ss_p2""><em>13,500원</em></span>","<span class=""star_score"">9.7</span>"
"사랑을 담아, 제인 오스틴",https://www.aladin.co.kr/shop/wproduct.aspx?ItemId=385168102,"<span class=""ss_p2""><em>18,900원</em></span>","<span class=""star_score"">9.8</span>"
브람스를 좋아하세요...,https://www.aladin.co.kr/shop/wproduct.aspx?ItemId=2156605,"<span class=""ss_p2""><em>9,000원</em></span>","<span class=""star_score"">8.9</span>"
아르테미스,https://www.aladin.co.kr/shop/wproduct.aspx?ItemId=270454242,"<span class=""ss_p2""><em>17,820원</em></span>","<span class=""star_score"">8.3</span>"
팬텀 버스터즈 6,https://www.aladin.co.kr/shop/wproduct.aspx?ItemId=387670769,"<span class=""ss_p2""><em>5,850원</em></span>",
단종애사,https://www.aladin.co.kr/shop/wproduct.aspx?ItemId=385922960,"<span class=""ss_p2""><em>15,930원</em></span>","<span class=""star_score"">9.7</span>"
이야기를 들려줘요,https://www.aladin.co.kr/shop/wproduct.aspx?ItemId=383988239,"<span class=""ss_p2""><em>17,820원</em></span>","<span class=""star_score"">9.6</span>"
보이시한 여자친구가 너무 귀여워 4 (특장판),https://www.aladin.co.kr/shop/wproduct.aspx?ItemId=388376868,"<span class=""ss_p2""><em>9,900원</em></span>",
절창,https://www.aladin.co.kr/shop/wproduct.aspx?ItemId=371723601,"<span class=""ss_p2""><em>16,200원</em></span>","<span class=""star_score"">7.8</span>"
나도 상처 받지 않고 친구도 상처 받지 않는 감정 표현 연습,https://www.aladin.co.kr/shop/wproduct.aspx?ItemId=386057195,"<span class=""ss_p2""><em>13,500원</em></span>","<span class=""star_score"">10.0</span>"
잠과 영혼,https://www.aladin.co.kr/shop/wproduct.aspx?ItemId=387510933,"<span class=""ss_p2""><em>18,000원</em></span>","<span class=""star_score"">10.0</span>"
매일 아침 나는 텃밭에 간다,https://www.aladin.co.kr/shop/wproduct.aspx?ItemId=388028283,"<span class=""ss_p2""><em>16,650원</em></span>","<span class=""star_score"">10.0</span>"
2026 해커스 GSAT 삼성직무적성검사 통합 기본서 최신기출유형 + 실전모의고사 (수리/추리),https://www.aladin.co.kr/shop/wproduct.aspx?ItemId=382428618,"<span class=""ss_p2""><em>21,600원</em></span>","<span class=""star_score"">10.0</span>"
마음을 읽는 감각,https://www.aladin.co.kr/shop/wproduct.aspx?ItemId=384025573,"<span class=""ss_p2""><em>17,820원</em></span>","<span class=""star_score"">9.9</span>"
믹스 MIX 24,https://www.aladin.co.kr/shop/wproduct.aspx?ItemId=388137308,"<span class=""ss_p2""><em>5,400원</em></span>",
김재우의 기초 영어회화 100,https://www.aladin.co.kr/shop/wproduct.aspx?ItemId=353238637,"<span class=""ss_p2""><em>17,010원</em></span>","<span class=""star_score"">9.5</span>"
불안,https://www.aladin.co.kr/shop/wproduct.aspx?ItemId=14350678,"<span class=""ss_p2""><em>16,200원</em></span>","<span class=""star_score"">8.6</span>"
이기적 유전자,https://www.aladin.co.kr/shop/wproduct.aspx?ItemId=170482558,"<span class=""ss_p2""><em>18,000원</em></span>","<span class=""star_score"">8.3</span>"
봇치·더·록! 앤솔러지 코믹 5,https://www.aladin.co.kr/shop/wproduct.aspx?ItemId=388138167,"<span class=""ss_p2""><em>8,100원</em></span>",
윈드 브레이커 13~14 세트 - 전2권,https://www.aladin.co.kr/shop/wproduct.aspx?ItemId=388084953,"<span class=""ss_p2""><em>10,800원</em></span>","<span class=""star_score"">10.0</span>"
느슨한 균형,https://www.aladin.co.kr/shop/wproduct.aspx?ItemId=388433787,"<span class=""ss_p2""><em>17,100원</em></span>",
너를 기다릴 시간에 나를 사랑하기로 했다,https://www.aladin.co.kr/shop/wproduct.aspx?ItemId=386993309,"<span class=""ss_p2""><em>17,550원</em></span>","<span class=""star_score"">9.9</span>"
살찌지 않는 몸,https://www.aladin.co.kr/shop/wproduct.aspx?ItemId=387584786,"<span class=""ss_p2""><em>17,820원</em></span>","<span class=""star_score"">10.0</span>"
이토록 위대한 몸,https://www.aladin.co.kr/shop/wproduct.aspx?ItemId=387058373,"<span class=""ss_p2""><em>21,600원</em></span>","<span class=""star_score"">10.0</span>"
돈의 심리학 (50만 부 기념 뉴 에디션),https://www.aladin.co.kr/shop/wproduct.aspx?ItemId=383315006,"<span class=""ss_p2""><em>22,320원</em></span>","<span class=""star_score"">8.7</span>"
쓰는 만큼 내가 된다,https://www.aladin.co.kr/shop/wproduct.aspx?ItemId=385928518,"<span class=""ss_p2""><em>16,200원</em></span>","<span class=""star_score"">9.5</span>"
쿄코와 아버지,https://www.aladin.co.kr/shop/wproduct.aspx?ItemId=388140104,"<span class=""ss_p2""><em>7,200원</em></span>","<span class=""star_score"">10.0</span>"
GACHIAKUTA 16,https://www.aladin.co.kr/shop/wproduct.aspx?ItemId=387708173,"<span class=""ss_p2""><em>5,400원</em></span>",
인류학자처럼 생각하는 법,https://www.aladin.co.kr/shop/wproduct.aspx?ItemId=388048442,"<span class=""ss_p2""><em>23,400원</em></span>",
미국은 왜 전쟁을 멈추지 못하는가,https://www.aladin.co.kr/shop/wproduct.aspx?ItemId=387052261,"<span class=""ss_p2""><em>22,500원</em></span>","<span class=""star_score"">10.0</span>"
정반대의 너와 나 8 (더블특전판),https://www.aladin.co.kr/shop/wproduct.aspx?ItemId=388016385,"<span class=""ss_p2""><em>5,400원</em></span>","<span class=""star_score"">10.0</span>"
쾌적한 사회의 불쾌함,https://www.aladin.co.kr/shop/wproduct.aspx?ItemId=384909081,"<span class=""ss_p2""><em>18,900원</em></span>","<span class=""star_score"">9.4</span>"
"2026 큰별쌤 최태성의 별★별한국사 기출 500제 한국사능력검정시험 심화 (1, 2, 3급)",https://www.aladin.co.kr/shop/wproduct.aspx?ItemId=379922349,"<span class=""ss_p2""><em>19,800원</em></span>",
뇌는 어떻게 나를 조종하는가,https://www.aladin.co.kr/shop/wproduct.aspx?ItemId=382658617,"<span class=""ss_p2""><em>16,920원</em></span>","<span class=""star_score"">9.2</span>"
그 레벨에 잠이 오니?,https://www.aladin.co.kr/shop/wproduct.aspx?ItemId=380803734,"<span class=""ss_p2""><em>13,500원</em></span>","<span class=""star_score"">9.9</span>"
규칙파괴자,https://www.aladin.co.kr/shop/wproduct.aspx?ItemId=383443242,"<span class=""ss_p2""><em>22,500원</em></span>","<span class=""star_score"">10.0</span>"
내 이름은 빨강 2,https://www.aladin.co.kr/shop/wproduct.aspx?ItemId=214245188,"<span class=""ss_p2""><em>11,700원</em></span>","<span class=""star_score"">8.8</span>"
아오노 군에게 닿고 싶으니까 죽고 싶어 13,https://www.aladin.co.kr/shop/wproduct.aspx?ItemId=386453675,"<span class=""ss_p2""><em>4,950원</em></span>","<span class=""star_score"">9.6</span>"
오해하면 큰일 나는 한자어 천재라면,https://www.aladin.co.kr/shop/wproduct.aspx?ItemId=387523767,"<span class=""ss_p2""><em>13,950원</em></span>","<span class=""star_score"">10.0</span>"
딱 1년만 미쳐라,https://www.aladin.co.kr/shop/wproduct.aspx?ItemId=387529431,"<span class=""ss_p2""><em>17,820원</em></span>","<span class=""star_score"">10.0</span>"
더 시스템,https://www.aladin.co.kr/shop/wproduct.aspx?ItemId=330399601,"<span class=""ss_p2""><em>16,200원</em></span>","<span class=""star_score"">8.9</span>"
집중력 죽이기,https://www.aladin.co.kr/shop/wproduct.aspx?ItemId=387886783,"<span class=""ss_p2""><em>17,100원</em></span>","<span class=""star_score"">8.0</span>"
사랑이 있으니 살아집디다,https://www.aladin.co.kr/shop/wproduct.aspx?ItemId=388509769,"<span class=""ss_p2""><em>16,200원</em></span>","<span class=""star_score"">10.0</span>"
백귀야행 31,https://www.aladin.co.kr/shop/wproduct.aspx?ItemId=387062834,"<span class=""ss_p2""><em>7,200원</em></span>","<span class=""star_score"">10.0</span>"
쉽게 읽고 보는 위대한 실패 도감,https://www.aladin.co.kr/shop/wproduct.aspx?ItemId=385792153,"<span class=""ss_p2""><em>11,700원</em></span>","<span class=""star_score"">9.7</span>"
냉동 집밥 대백과,https://www.aladin.co.kr/shop/wproduct.aspx?ItemId=375933095,"<span class=""ss_p2""><em>20,520원</em></span>","<span class=""star_score"">9.7</span>"
도나츠와 서커스 1~2 완결 스페셜 세트 - 전2권,https://www.aladin.co.kr/shop/wproduct.aspx?ItemId=388015005,"<span class=""ss_p2""><em>32,400원</em></span>",
흔한남매 21,https://www.aladin.co.kr/shop/wproduct.aspx?ItemId=379389382,"<span class=""ss_p2""><em>15,120원</em></span>","<span class=""star_score"">10.0</span>"
가브리엘의 잉글리시 다이어리,https://www.aladin.co.kr/shop/wproduct.aspx?ItemId=373227355,"<span class=""ss_p2""><em>24,300원</em></span>","<span class=""star_score"">10.0</span>"
2026 문동균 한국사 D-30 문단속 모의고사,https://www.aladin.co.kr/shop/wproduct.aspx?ItemId=386005124,"<span class=""ss_p2""><em>14,400원</em></span>",
루이즈 미셸 회고록,https://www.aladin.co.kr/shop/wproduct.aspx?ItemId=385970959,"<span class=""ss_p2""><em>19,800원</em></span>","<span class=""star_score"">10.0</span>"
내 심장을 쏴라,https://www.aladin.co.kr/shop/wproduct.aspx?ItemId=385201611,"<span class=""ss_p2""><em>16,200원</em></span>","<span class=""star_score"">8.9</span>"
이게 되네? 제미나이 완전 미친 활용법 81제,https://www.aladin.co.kr/shop/wproduct.aspx?ItemId=385348854,"<span class=""ss_p2""><em>21,600원</em></span>","<span class=""star_score"">9.8</span>"
킬리만자로의 눈,https://www.aladin.co.kr/shop/wproduct.aspx?ItemId=355736229,"<span class=""ss_p2""><em>12,600원</em></span>","<span class=""star_score"">10.0</span>"
슈퍼 뒤에서 담배 피우는 두 사람 7,https://www.aladin.co.kr/shop/wproduct.aspx?ItemId=388083662,"<span class=""ss_p2""><em>5,850원</em></span>",
카구라바치 9 (특별판),https://www.aladin.co.kr/shop/wproduct.aspx?ItemId=388349538,"<span class=""ss_p2""><em>35,550원</em></span>",
할매,https://www.aladin.co.kr/shop/wproduct.aspx?ItemId=379665189,"<span class=""ss_p2""><em>15,120원</em></span>","<span class=""star_score"">9.2</span>"
내가 돈을 벌고 있다는 착각,https://www.aladin.co.kr/shop/wproduct.aspx?ItemId=387056547,"<span class=""ss_p2""><em>17,820원</em></span>","<span class=""star_score"">9.4</span>"
"다녀왔습니다! : 실리콘밸리, 워싱턴 D.C. 그리고 텍사스",https://www.aladin.co.kr/shop/wproduct.aspx?ItemId=388085057,"<span class=""ss_p2""><em>18,000원</em></span>","<span class=""star_score"">8.7</span>"
렛뎀 이론,https://www.aladin.co.kr/shop/wproduct.aspx?ItemId=369493586,"<span class=""ss_p2""><em>18,000원</em></span>","<span class=""star_score"">9.3</span>"
ETS 토익 단기 공략 750+ (LC + RC),https://www.aladin.co.kr/shop/wproduct.aspx?ItemId=366829097,"<span class=""ss_p2""><em>17,550원</em></span>","<span class=""star_score"">8.0</span>"
미라클 모닝 After 50,https://www.aladin.co.kr/shop/wproduct.aspx?ItemId=387059161,"<span class=""ss_p2""><em>19,800원</em></span>","<span class=""star_score"">9.9</span>"
필연적 혼자의 시대,https://www.aladin.co.kr/shop/wproduct.aspx?ItemId=384667534,"<span class=""ss_p2""><em>17,100원</em></span>","<span class=""star_score"">9.6</span>"
폰더 씨의 위대한 하루,https://www.aladin.co.kr/shop/wproduct.aspx?ItemId=305094157,"<span class=""ss_p2""><em>16,200원</em></span>","<span class=""star_score"">9.7</span>"
카프네,https://www.aladin.co.kr/shop/wproduct.aspx?ItemId=388044595,"<span class=""ss_p2""><em>16,200원</em></span>",
최소한의 한국사,https://www.aladin.co.kr/shop/wproduct.aspx?ItemId=318885306,"<span class=""ss_p2""><em>16,200원</em></span>","<span class=""star_score"">9.4</span>"
데미안 (오리지널 초판본 표지디자인),https://www.aladin.co.kr/shop/wproduct.aspx?ItemId=98710881,"<span class=""ss_p2""><em>2,880원</em></span>","<span class=""star_score"">9.6</span>"
빅터 프랭클의 죽음의 수용소에서,https://www.aladin.co.kr/shop/wproduct.aspx?ItemId=382243812,"<span class=""ss_p2""><em>10,800원</em></span>","<span class=""star_score"">9.0</span>"
어른의 행복은 조용하다,https://www.aladin.co.kr/shop/wproduct.aspx?ItemId=350636272,"<span class=""ss_p2""><em>16,020원</em></span>","<span class=""star_score"">8.8</span>"
게이트우드 할머니의 발자국,https://www.aladin.co.kr/shop/wproduct.aspx?ItemId=387509382,"<span class=""ss_p2""><em>17,820원</em></span>","<span class=""star_score"">10.0</span>"
Again! 뒤집어본 영문법,https://www.aladin.co.kr/shop/wproduct.aspx?ItemId=651629,"<span class=""ss_p2""><em>13,410원</em></span>","<span class=""star_score"">9.6</span>"
사카모토 데이즈 25 (더블 특전판),https://www.aladin.co.kr/shop/wproduct.aspx?ItemId=386057981,"<span class=""ss_p2""><em>5,850원</em></span>","<span class=""star_score"">9.3</span>"
왜 일하는가,https://www.aladin.co.kr/shop/wproduct.aspx?ItemId=269133591,"<span class=""ss_p2""><em>16,200원</em></span>","<span class=""star_score"">7.8</span>"
이상능력자,https://www.aladin.co.kr/shop/wproduct.aspx?ItemId=387233730,"<span class=""ss_p2""><em>15,120원</em></span>","<span class=""star_score"">9.9</span>"
500가지 건축으로 읽는 세계사,https://www.aladin.co.kr/shop/wproduct.aspx?ItemId=387893976,"<span class=""ss_p2""><em>22,500원</em></span>","<span class=""star_score"">10.0</span>"
악역 영애 안의 사람 6,https://www.aladin.co.kr/shop/wproduct.aspx?ItemId=388039069,"<span class=""ss_p2""><em>5,400원</em></span>","<span class=""star_score"">10.0</span>"
2026 심우철 실전 동형 모의고사 Season 2,https://www.aladin.co.kr/shop/wproduct.aspx?ItemId=385451772,"<span class=""ss_p2""><em>13,500원</em></span>",
나쁜 일이 있어도 나쁜 날은 아니야,https://www.aladin.co.kr/shop/wproduct.aspx?ItemId=384459480,"<span class=""ss_p2""><em>15,120원</em></span>","<span class=""star_score"">10.0</span>"
아주 작은 습관의 힘 (50만 부 기념 스페셜 에디션),https://www.aladin.co.kr/shop/wproduct.aspx?ItemId=379447436,"<span class=""ss_p2""><em>16,200원</em></span>","<span class=""star_score"">9.1</span>"
정전,https://www.aladin.co.kr/shop/wproduct.aspx?ItemId=387900696,"<span class=""ss_p2""><em>15,750원</em></span>","<span class=""star_score"">10.0</span>"
데미안,https://www.aladin.co.kr/shop/wproduct.aspx?ItemId=260084,"<span class=""ss_p2""><em>7,200원</em></span>","<span class=""star_score"">8.8</span>"
원피스 113,https://www.aladin.co.kr/shop/wproduct.aspx?ItemId=384420875,"<span class=""ss_p2""><em>5,850원</em></span>","<span class=""star_score"">9.9</span>"
삶을 의미 있게 만들어주는 일상의 철학,https://www.aladin.co.kr/shop/wproduct.aspx?ItemId=332327455,"<span class=""ss_p2""><em>4,500원</em></span>","<span class=""star_score"">10.0</span>"
"촌구석 아저씨, 검성이 되다 8",https://www.aladin.co.kr/shop/wproduct.aspx?ItemId=388137556,"<span class=""ss_p2""><em>5,400원</em></span>",
설민석의 한국사 대모험 36,https://www.aladin.co.kr/shop/wproduct.aspx?ItemId=386559019,"<span class=""ss_p2""><em>14,400원</em></span>","<span class=""star_score"">10.0</span>"
설민석의 세계사 대모험 28,https://www.aladin.co.kr/shop/wproduct.aspx?ItemId=388137592,"<span class=""ss_p2""><em>13,500원</em></span>",
이지패스 2026 ADsP 데이터분석 준전문가 (수험서 앱 제공),https://www.aladin.co.kr/shop/wproduct.aspx?ItemId=379450520,"<span class=""ss_p2""><em>27,000원</em></span>","<span class=""star_score"">10.0</span>"
ETS 토익 정기시험 기출문제집 1000 Vol. 4 Reading (리딩),https://www.aladin.co.kr/shop/wproduct.aspx?ItemId=330109498,"<span class=""ss_p2""><em>17,820원</em></span>","<span class=""star_score"">10.0</span>"
